N	K	c_type	y_type	corr_cy	signal_r2	confound_r2	verbose	tolerance	method	sim_nr	score
200	5	continuous	binary	0.65	0.004	0.0	False	0.001	None	0	0.6419437340153452
200	5	continuous	binary	0.65	0.004	0.0	False	0.001	None	0	0.595959595959596
200	5	continuous	binary	0.65	0.004	0.0	False	0.001	None	0	0.4000000000000001
200	5	continuous	binary	0.65	0.004	0.0	False	0.001	None	0	0.6491228070175439
200	5	continuous	binary	0.65	0.004	0.0	False	0.001	None	0	0.47916666666666663
200	5	continuous	binary	0.65	0.004	0.0	False	0.001	None	0	0.24812030075187969
200	5	continuous	binary	0.65	0.004	0.0	False	0.001	None	0	0.4486215538847118
200	5	continuous	binary	0.65	0.004	0.0	False	0.001	None	0	0.4949494949494949
200	5	continuous	binary	0.65	0.004	0.0	False	0.001	None	0	0.5
200	5	continuous	binary	0.65	0.004	0.0	False	0.001	None	0	0.4000000000000001
200	5	continuous	binary	0.65	0.004	0.0	False	0.001	WDCR	0	0.4486215538847118
200	5	continuous	binary	0.65	0.004	0.0	False	0.001	WDCR	0	0.5488721804511277
200	5	continuous	binary	0.65	0.004	0.0	False	0.001	WDCR	0	0.6491228070175439
200	5	continuous	binary	0.65	0.004	0.0	False	0.001	WDCR	0	0.595959595959596
200	5	continuous	binary	0.65	0.004	0.0	False	0.001	WDCR	0	0.5
200	5	continuous	binary	0.65	0.004	0.0	False	0.001	WDCR	0	0.24812030075187969
200	5	continuous	binary	0.65	0.004	0.0	False	0.001	WDCR	0	0.5
200	5	continuous	binary	0.65	0.004	0.0	False	0.001	WDCR	0	0.4373401534526854
200	5	continuous	binary	0.65	0.004	0.0	False	0.001	WDCR	0	0.595959595959596
200	5	continuous	binary	0.65	0.004	0.0	False	0.001	WDCR	0	0.4373401534526854
200	5	continuous	binary	0.65	0.004	0.0	False	0.001	CVCR	0	0.4949494949494949
200	5	continuous	binary	0.65	0.004	0.0	False	0.001	CVCR	0	0.5488721804511277
200	5	continuous	binary	0.65	0.004	0.0	False	0.001	CVCR	0	0.595959595959596
200	5	continuous	binary	0.65	0.004	0.0	False	0.001	CVCR	0	0.5488721804511277
200	5	continuous	binary	0.65	0.004	0.0	False	0.001	CVCR	0	0.6491228070175439
200	5	continuous	binary	0.65	0.004	0.0	False	0.001	CVCR	0	0.24812030075187969
200	5	continuous	binary	0.65	0.004	0.0	False	0.001	CVCR	0	0.595959595959596
200	5	continuous	binary	0.65	0.004	0.0	False	0.001	CVCR	0	0.595959595959596
200	5	continuous	binary	0.65	0.004	0.0	False	0.001	CVCR	0	0.6419437340153452
200	5	continuous	binary	0.65	0.004	0.0	False	0.001	CVCR	0	0.4373401534526854
200	5	continuous	binary	0.65	0.004	0.0	False	0.001	CB	0	0.7333333333333334
200	5	continuous	binary	0.65	0.004	0.0	False	0.001	CB	0	0.5
200	5	continuous	binary	0.65	0.004	0.0	False	0.001	CB	0	0.3333333333333333
200	5	continuous	binary	0.65	0.004	0.0	False	0.001	CB	0	0.0
200	5	continuous	binary	0.65	0.004	0.0	False	0.001	CB	0	0.7333333333333334
200	5	continuous	binary	0.65	0.004	0.0	False	0.001	CB	0	0.3333333333333333
200	5	continuous	binary	0.65	0.004	0.0	False	0.001	CB	0	1.0
200	5	continuous	binary	0.65	0.004	0.0	False	0.001	CB	0	1.0
200	5	continuous	binary	0.65	0.004	0.0	False	0.001	CB	0	0.0
200	5	continuous	binary	0.65	0.004	0.0	False	0.001	CB	0	1.0
200	5	continuous	binary	0.65	0.004	0.05	False	0.001	None	0	0.6419437340153452
200	5	continuous	binary	0.65	0.004	0.05	False	0.001	None	0	0.7493734335839599
200	5	continuous	binary	0.65	0.004	0.05	False	0.001	None	0	0.6969696969696968
200	5	continuous	binary	0.65	0.004	0.05	False	0.001	None	0	0.849624060150376
200	5	continuous	binary	0.65	0.004	0.05	False	0.001	None	0	0.5
200	5	continuous	binary	0.65	0.004	0.05	False	0.001	None	0	0.6491228070175439
200	5	continuous	binary	0.65	0.004	0.05	False	0.001	None	0	0.797979797979798
200	5	continuous	binary	0.65	0.004	0.05	False	0.001	None	0	0.7493734335839599
200	5	continuous	binary	0.65	0.004	0.05	False	0.001	None	0	0.6969696969696968
200	5	continuous	binary	0.65	0.004	0.05	False	0.001	None	0	0.7
200	5	continuous	binary	0.65	0.004	0.05	False	0.001	WDCR	0	0.4949494949494949
200	5	continuous	binary	0.65	0.004	0.05	False	0.001	WDCR	0	0.4000000000000001
200	5	continuous	binary	0.65	0.004	0.05	False	0.001	WDCR	0	0.4486215538847118
200	5	continuous	binary	0.65	0.004	0.05	False	0.001	WDCR	0	0.5488721804511277
200	5	continuous	binary	0.65	0.004	0.05	False	0.001	WDCR	0	0.4949494949494949
200	5	continuous	binary	0.65	0.004	0.05	False	0.001	WDCR	0	0.595959595959596
200	5	continuous	binary	0.65	0.004	0.05	False	0.001	WDCR	0	0.6
200	5	continuous	binary	0.65	0.004	0.05	False	0.001	WDCR	0	0.6
200	5	continuous	binary	0.65	0.004	0.05	False	0.001	WDCR	0	0.4373401534526854
200	5	continuous	binary	0.65	0.004	0.05	False	0.001	WDCR	0	0.4000000000000001
200	5	continuous	binary	0.65	0.004	0.05	False	0.001	CVCR	0	0.4949494949494949
200	5	continuous	binary	0.65	0.004	0.05	False	0.001	CVCR	0	0.4486215538847118
200	5	continuous	binary	0.65	0.004	0.05	False	0.001	CVCR	0	0.4949494949494949
200	5	continuous	binary	0.65	0.004	0.05	False	0.001	CVCR	0	0.4486215538847118
200	5	continuous	binary	0.65	0.004	0.05	False	0.001	CVCR	0	0.4949494949494949
200	5	continuous	binary	0.65	0.004	0.05	False	0.001	CVCR	0	0.5488721804511277
200	5	continuous	binary	0.65	0.004	0.05	False	0.001	CVCR	0	0.6
200	5	continuous	binary	0.65	0.004	0.05	False	0.001	CVCR	0	0.6
200	5	continuous	binary	0.65	0.004	0.05	False	0.001	CVCR	0	0.4949494949494949
200	5	continuous	binary	0.65	0.004	0.05	False	0.001	CVCR	0	0.4486215538847118
200	5	continuous	binary	0.65	0.004	0.05	False	0.001	CB	0	0.7333333333333334
200	5	continuous	binary	0.65	0.004	0.05	False	0.001	CB	0	0.7333333333333334
200	5	continuous	binary	0.65	0.004	0.05	False	0.001	CB	0	0.7333333333333334
200	5	continuous	binary	0.65	0.004	0.05	False	0.001	CB	0	0.7333333333333334
200	5	continuous	binary	0.65	0.004	0.05	False	0.001	CB	0	0.3333333333333333
200	5	continuous	binary	0.65	0.004	0.05	False	0.001	CB	0	0.3333333333333333
200	5	continuous	binary	0.65	0.004	0.05	False	0.001	CB	0	0.3333333333333333
200	5	continuous	binary	0.65	0.004	0.05	False	0.001	CB	0	0.3333333333333333
200	5	continuous	binary	0.65	0.004	0.05	False	0.001	CB	0	0.0
200	5	continuous	binary	0.65	0.004	0.05	False	0.001	CB	0	0.3333333333333333
200	5	continuous	binary	0.65	0.004	0.1	False	0.001	None	0	0.849624060150376
200	5	continuous	binary	0.65	0.004	0.1	False	0.001	None	0	0.5
200	5	continuous	binary	0.65	0.004	0.1	False	0.001	None	0	0.6419437340153452
200	5	continuous	binary	0.65	0.004	0.1	False	0.001	None	0	0.6
200	5	continuous	binary	0.65	0.004	0.1	False	0.001	None	0	0.8000000000000002
200	5	continuous	binary	0.65	0.004	0.1	False	0.001	None	0	0.898989898989899
200	5	continuous	binary	0.65	0.004	0.1	False	0.001	None	0	0.7493734335839599
200	5	continuous	binary	0.65	0.004	0.1	False	0.001	None	0	0.5396419437340153
200	5	continuous	binary	0.65	0.004	0.1	False	0.001	None	0	0.7
200	5	continuous	binary	0.65	0.004	0.1	False	0.001	None	0	0.7442455242966751
200	5	continuous	binary	0.65	0.004	0.1	False	0.001	WDCR	0	0.5488721804511277
200	5	continuous	binary	0.65	0.004	0.1	False	0.001	WDCR	0	0.3
200	5	continuous	binary	0.65	0.004	0.1	False	0.001	WDCR	0	0.4000000000000001
200	5	continuous	binary	0.65	0.004	0.1	False	0.001	WDCR	0	0.5396419437340153
200	5	continuous	binary	0.65	0.004	0.1	False	0.001	WDCR	0	0.6419437340153452
200	5	continuous	binary	0.65	0.004	0.1	False	0.001	WDCR	0	0.6
200	5	continuous	binary	0.65	0.004	0.1	False	0.001	WDCR	0	0.3939393939393939
200	5	continuous	binary	0.65	0.004	0.1	False	0.001	WDCR	0	0.30666666666666664
200	5	continuous	binary	0.65	0.004	0.1	False	0.001	WDCR	0	0.5488721804511277
200	5	continuous	binary	0.65	0.004	0.1	False	0.001	WDCR	0	0.4486215538847118
200	5	continuous	binary	0.65	0.004	0.1	False	0.001	CVCR	0	0.6
200	5	continuous	binary	0.65	0.004	0.1	False	0.001	CVCR	0	0.3483709273182958
200	5	continuous	binary	0.65	0.004	0.1	False	0.001	CVCR	0	0.3350383631713555
200	5	continuous	binary	0.65	0.004	0.1	False	0.001	CVCR	0	0.47916666666666663
200	5	continuous	binary	0.65	0.004	0.1	False	0.001	CVCR	0	0.595959595959596
200	5	continuous	binary	0.65	0.004	0.1	False	0.001	CVCR	0	0.595959595959596
200	5	continuous	binary	0.65	0.004	0.1	False	0.001	CVCR	0	0.4949494949494949
200	5	continuous	binary	0.65	0.004	0.1	False	0.001	CVCR	0	0.375
200	5	continuous	binary	0.65	0.004	0.1	False	0.001	CVCR	0	0.5488721804511277
200	5	continuous	binary	0.65	0.004	0.1	False	0.001	CVCR	0	0.5
200	5	continuous	binary	0.65	0.004	0.1	False	0.001	CB	0	0.5
200	5	continuous	binary	0.65	0.004	0.1	False	0.001	CB	0	0.5
200	5	continuous	binary	0.65	0.004	0.1	False	0.001	CB	0	0.7333333333333334
200	5	continuous	binary	0.65	0.004	0.1	False	0.001	CB	0	0.2
200	5	continuous	binary	0.65	0.004	0.1	False	0.001	CB	0	0.3333333333333333
200	5	continuous	binary	0.65	0.004	0.1	False	0.001	CB	0	0.7333333333333334
200	5	continuous	binary	0.65	0.004	0.1	False	0.001	CB	0	0.3333333333333333
200	5	continuous	binary	0.65	0.004	0.1	False	0.001	CB	0	0.3333333333333333
200	5	continuous	binary	0.65	0.004	0.1	False	0.001	CB	0	0.0
200	5	continuous	binary	0.65	0.004	0.1	False	0.001	CB	0	0.0
200	5	continuous	binary	0.65	0.004	0.15000000000000002	False	0.001	None	0	0.7493734335839599
200	5	continuous	binary	0.65	0.004	0.15000000000000002	False	0.001	None	0	0.898989898989899
200	5	continuous	binary	0.65	0.004	0.15000000000000002	False	0.001	None	0	0.7493734335839599
200	5	continuous	binary	0.65	0.004	0.15000000000000002	False	0.001	None	0	0.7442455242966751
200	5	continuous	binary	0.65	0.004	0.15000000000000002	False	0.001	None	0	0.9
200	5	continuous	binary	0.65	0.004	0.15000000000000002	False	0.001	None	0	0.6969696969696968
200	5	continuous	binary	0.65	0.004	0.15000000000000002	False	0.001	None	0	0.7442455242966751
200	5	continuous	binary	0.65	0.004	0.15000000000000002	False	0.001	None	0	0.797979797979798
200	5	continuous	binary	0.65	0.004	0.15000000000000002	False	0.001	None	0	0.7916666666666665
200	5	continuous	binary	0.65	0.004	0.15000000000000002	False	0.001	None	0	0.7493734335839599
200	5	continuous	binary	0.65	0.004	0.15000000000000002	False	0.001	WDCR	0	0.3939393939393939
200	5	continuous	binary	0.65	0.004	0.15000000000000002	False	0.001	WDCR	0	0.4486215538847118
200	5	continuous	binary	0.65	0.004	0.15000000000000002	False	0.001	WDCR	0	0.6
200	5	continuous	binary	0.65	0.004	0.15000000000000002	False	0.001	WDCR	0	0.34065934065934067
200	5	continuous	binary	0.65	0.004	0.15000000000000002	False	0.001	WDCR	0	0.595959595959596
200	5	continuous	binary	0.65	0.004	0.15000000000000002	False	0.001	WDCR	0	0.4000000000000001
200	5	continuous	binary	0.65	0.004	0.15000000000000002	False	0.001	WDCR	0	0.3939393939393939
200	5	continuous	binary	0.65	0.004	0.15000000000000002	False	0.001	WDCR	0	0.4486215538847118
200	5	continuous	binary	0.65	0.004	0.15000000000000002	False	0.001	WDCR	0	0.4486215538847118
200	5	continuous	binary	0.65	0.004	0.15000000000000002	False	0.001	WDCR	0	0.47916666666666663
200	5	continuous	binary	0.65	0.004	0.15000000000000002	False	0.001	CVCR	0	0.3939393939393939
200	5	continuous	binary	0.65	0.004	0.15000000000000002	False	0.001	CVCR	0	0.5488721804511277
200	5	continuous	binary	0.65	0.004	0.15000000000000002	False	0.001	CVCR	0	0.5488721804511277
200	5	continuous	binary	0.65	0.004	0.15000000000000002	False	0.001	CVCR	0	0.30666666666666664
200	5	continuous	binary	0.65	0.004	0.15000000000000002	False	0.001	CVCR	0	0.6491228070175439
200	5	continuous	binary	0.65	0.004	0.15000000000000002	False	0.001	CVCR	0	0.4486215538847118
200	5	continuous	binary	0.65	0.004	0.15000000000000002	False	0.001	CVCR	0	0.3939393939393939
200	5	continuous	binary	0.65	0.004	0.15000000000000002	False	0.001	CVCR	0	0.3939393939393939
200	5	continuous	binary	0.65	0.004	0.15000000000000002	False	0.001	CVCR	0	0.4000000000000001
200	5	continuous	binary	0.65	0.004	0.15000000000000002	False	0.001	CVCR	0	0.52
200	5	continuous	binary	0.65	0.004	0.15000000000000002	False	0.001	CB	0	0.5
200	5	continuous	binary	0.65	0.004	0.15000000000000002	False	0.001	CB	0	0.3333333333333333
200	5	continuous	binary	0.65	0.004	0.15000000000000002	False	0.001	CB	0	0.2
200	5	continuous	binary	0.65	0.004	0.15000000000000002	False	0.001	CB	0	0.7333333333333334
200	5	continuous	binary	0.65	0.004	0.15000000000000002	False	0.001	CB	0	0.7333333333333334
200	5	continuous	binary	0.65	0.004	0.15000000000000002	False	0.001	CB	0	0.5
200	5	continuous	binary	0.65	0.004	0.15000000000000002	False	0.001	CB	0	0.0
200	5	continuous	binary	0.65	0.004	0.15000000000000002	False	0.001	CB	0	0.3333333333333333
200	5	continuous	binary	0.65	0.004	0.15000000000000002	False	0.001	CB	0	0.3333333333333333
200	5	continuous	binary	0.65	0.004	0.15000000000000002	False	0.001	CB	0	0.3333333333333333
200	5	continuous	binary	0.65	0.004	0.2	False	0.001	None	0	0.8000000000000002
200	5	continuous	binary	0.65	0.004	0.2	False	0.001	None	0	0.898989898989899
200	5	continuous	binary	0.65	0.004	0.2	False	0.001	None	0	0.6969696969696968
200	5	continuous	binary	0.65	0.004	0.2	False	0.001	None	0	0.8000000000000002
200	5	continuous	binary	0.65	0.004	0.2	False	0.001	None	0	0.8000000000000002
200	5	continuous	binary	0.65	0.004	0.2	False	0.001	None	0	0.8000000000000002
200	5	continuous	binary	0.65	0.004	0.2	False	0.001	None	0	0.6491228070175439
200	5	continuous	binary	0.65	0.004	0.2	False	0.001	None	0	0.6491228070175439
200	5	continuous	binary	0.65	0.004	0.2	False	0.001	None	0	0.8000000000000002
200	5	continuous	binary	0.65	0.004	0.2	False	0.001	None	0	0.6969696969696968
200	5	continuous	binary	0.65	0.004	0.2	False	0.001	WDCR	0	0.5
200	5	continuous	binary	0.65	0.004	0.2	False	0.001	WDCR	0	0.595959595959596
200	5	continuous	binary	0.65	0.004	0.2	False	0.001	WDCR	0	0.4486215538847118
200	5	continuous	binary	0.65	0.004	0.2	False	0.001	WDCR	0	0.5396419437340153
200	5	continuous	binary	0.65	0.004	0.2	False	0.001	WDCR	0	0.24812030075187969
200	5	continuous	binary	0.65	0.004	0.2	False	0.001	WDCR	0	0.47916666666666663
200	5	continuous	binary	0.65	0.004	0.2	False	0.001	WDCR	0	0.4486215538847118
200	5	continuous	binary	0.65	0.004	0.2	False	0.001	WDCR	0	0.47916666666666663
200	5	continuous	binary	0.65	0.004	0.2	False	0.001	WDCR	0	0.7
200	5	continuous	binary	0.65	0.004	0.2	False	0.001	WDCR	0	0.4949494949494949
200	5	continuous	binary	0.65	0.004	0.2	False	0.001	CVCR	0	0.6
200	5	continuous	binary	0.65	0.004	0.2	False	0.001	CVCR	0	0.5833333333333333
200	5	continuous	binary	0.65	0.004	0.2	False	0.001	CVCR	0	0.5488721804511277
200	5	continuous	binary	0.65	0.004	0.2	False	0.001	CVCR	0	0.5396419437340153
200	5	continuous	binary	0.65	0.004	0.2	False	0.001	CVCR	0	0.24812030075187969
200	5	continuous	binary	0.65	0.004	0.2	False	0.001	CVCR	0	0.5396419437340153
200	5	continuous	binary	0.65	0.004	0.2	False	0.001	CVCR	0	0.4949494949494949
200	5	continuous	binary	0.65	0.004	0.2	False	0.001	CVCR	0	0.47916666666666663
200	5	continuous	binary	0.65	0.004	0.2	False	0.001	CVCR	0	0.7
200	5	continuous	binary	0.65	0.004	0.2	False	0.001	CVCR	0	0.4486215538847118
200	5	continuous	binary	0.65	0.004	0.2	False	0.001	CB	0	0.3333333333333333
200	5	continuous	binary	0.65	0.004	0.2	False	0.001	CB	0	0.7333333333333334
200	5	continuous	binary	0.65	0.004	0.2	False	0.001	CB	0	0.2
200	5	continuous	binary	0.65	0.004	0.2	False	0.001	CB	0	0.2
200	5	continuous	binary	0.65	0.004	0.2	False	0.001	CB	0	0.7333333333333334
200	5	continuous	binary	0.65	0.004	0.2	False	0.001	CB	0	0.0
200	5	continuous	binary	0.65	0.004	0.2	False	0.001	CB	0	0.7333333333333334
200	5	continuous	binary	0.65	0.004	0.2	False	0.001	CB	0	1.0
200	5	continuous	binary	0.65	0.004	0.2	False	0.001	CB	0	0.3333333333333333
200	5	continuous	binary	0.65	0.004	0.2	False	0.001	CB	0	0.3333333333333333
200	5	continuous	binary	0.65	0.004	0.25	False	0.001	None	0	0.797979797979798
200	5	continuous	binary	0.65	0.004	0.25	False	0.001	None	0	0.898989898989899
200	5	continuous	binary	0.65	0.004	0.25	False	0.001	None	0	0.849624060150376
200	5	continuous	binary	0.65	0.004	0.25	False	0.001	None	0	0.595959595959596
200	5	continuous	binary	0.65	0.004	0.25	False	0.001	None	0	0.849624060150376
200	5	continuous	binary	0.65	0.004	0.25	False	0.001	None	0	0.7493734335839599
200	5	continuous	binary	0.65	0.004	0.25	False	0.001	None	0	0.7493734335839599
200	5	continuous	binary	0.65	0.004	0.25	False	0.001	None	0	0.8465473145780051
200	5	continuous	binary	0.65	0.004	0.25	False	0.001	None	0	0.797979797979798
200	5	continuous	binary	0.65	0.004	0.25	False	0.001	None	0	0.6491228070175439
200	5	continuous	binary	0.65	0.004	0.25	False	0.001	WDCR	0	0.6491228070175439
200	5	continuous	binary	0.65	0.004	0.25	False	0.001	WDCR	0	0.6969696969696968
200	5	continuous	binary	0.65	0.004	0.25	False	0.001	WDCR	0	0.3939393939393939
200	5	continuous	binary	0.65	0.004	0.25	False	0.001	WDCR	0	0.595959595959596
200	5	continuous	binary	0.65	0.004	0.25	False	0.001	WDCR	0	0.4949494949494949
200	5	continuous	binary	0.65	0.004	0.25	False	0.001	WDCR	0	0.5604395604395604
200	5	continuous	binary	0.65	0.004	0.25	False	0.001	WDCR	0	0.4000000000000001
200	5	continuous	binary	0.65	0.004	0.25	False	0.001	WDCR	0	0.4486215538847118
200	5	continuous	binary	0.65	0.004	0.25	False	0.001	WDCR	0	0.595959595959596
200	5	continuous	binary	0.65	0.004	0.25	False	0.001	WDCR	0	0.375
200	5	continuous	binary	0.65	0.004	0.25	False	0.001	CVCR	0	0.5833333333333333
200	5	continuous	binary	0.65	0.004	0.25	False	0.001	CVCR	0	0.7493734335839599
200	5	continuous	binary	0.65	0.004	0.25	False	0.001	CVCR	0	0.4486215538847118
200	5	continuous	binary	0.65	0.004	0.25	False	0.001	CVCR	0	0.6
200	5	continuous	binary	0.65	0.004	0.25	False	0.001	CVCR	0	0.5488721804511277
200	5	continuous	binary	0.65	0.004	0.25	False	0.001	CVCR	0	0.5604395604395604
200	5	continuous	binary	0.65	0.004	0.25	False	0.001	CVCR	0	0.4000000000000001
200	5	continuous	binary	0.65	0.004	0.25	False	0.001	CVCR	0	0.6
200	5	continuous	binary	0.65	0.004	0.25	False	0.001	CVCR	0	0.595959595959596
200	5	continuous	binary	0.65	0.004	0.25	False	0.001	CVCR	0	0.375
200	5	continuous	binary	0.65	0.004	0.25	False	0.001	CB	0	0.3333333333333333
200	5	continuous	binary	0.65	0.004	0.25	False	0.001	CB	0	0.5
200	5	continuous	binary	0.65	0.004	0.25	False	0.001	CB	0	0.5
200	5	continuous	binary	0.65	0.004	0.25	False	0.001	CB	0	0.7333333333333334
200	5	continuous	binary	0.65	0.004	0.25	False	0.001	CB	0	0.7333333333333334
200	5	continuous	binary	0.65	0.004	0.25	False	0.001	CB	0	0.5
200	5	continuous	binary	0.65	0.004	0.25	False	0.001	CB	0	0.7333333333333334
200	5	continuous	binary	0.65	0.004	0.25	False	0.001	CB	0	0.3333333333333333
200	5	continuous	binary	0.65	0.004	0.25	False	0.001	CB	0	0.3333333333333333
200	5	continuous	binary	0.65	0.004	0.25	False	0.001	CB	0	0.0
200	5	continuous	binary	0.65	0.004	0.30000000000000004	False	0.001	None	0	0.7916666666666665
200	5	continuous	binary	0.65	0.004	0.30000000000000004	False	0.001	None	0	0.797979797979798
200	5	continuous	binary	0.65	0.004	0.30000000000000004	False	0.001	None	0	0.7
200	5	continuous	binary	0.65	0.004	0.30000000000000004	False	0.001	None	0	0.8000000000000002
200	5	continuous	binary	0.65	0.004	0.30000000000000004	False	0.001	None	0	0.797979797979798
200	5	continuous	binary	0.65	0.004	0.30000000000000004	False	0.001	None	0	0.7493734335839599
200	5	continuous	binary	0.65	0.004	0.30000000000000004	False	0.001	None	0	0.797979797979798
200	5	continuous	binary	0.65	0.004	0.30000000000000004	False	0.001	None	0	0.6491228070175439
200	5	continuous	binary	0.65	0.004	0.30000000000000004	False	0.001	None	0	0.8000000000000002
200	5	continuous	binary	0.65	0.004	0.30000000000000004	False	0.001	None	0	0.797979797979798
200	5	continuous	binary	0.65	0.004	0.30000000000000004	False	0.001	WDCR	0	0.4486215538847118
200	5	continuous	binary	0.65	0.004	0.30000000000000004	False	0.001	WDCR	0	0.5604395604395604
200	5	continuous	binary	0.65	0.004	0.30000000000000004	False	0.001	WDCR	0	0.4373401534526854
200	5	continuous	binary	0.65	0.004	0.30000000000000004	False	0.001	WDCR	0	0.4486215538847118
200	5	continuous	binary	0.65	0.004	0.30000000000000004	False	0.001	WDCR	0	0.3939393939393939
200	5	continuous	binary	0.65	0.004	0.30000000000000004	False	0.001	WDCR	0	0.3939393939393939
200	5	continuous	binary	0.65	0.004	0.30000000000000004	False	0.001	WDCR	0	0.3939393939393939
200	5	continuous	binary	0.65	0.004	0.30000000000000004	False	0.001	WDCR	0	0.3939393939393939
200	5	continuous	binary	0.65	0.004	0.30000000000000004	False	0.001	WDCR	0	0.4373401534526854
200	5	continuous	binary	0.65	0.004	0.30000000000000004	False	0.001	WDCR	0	0.6491228070175439
200	5	continuous	binary	0.65	0.004	0.30000000000000004	False	0.001	CVCR	0	0.4949494949494949
200	5	continuous	binary	0.65	0.004	0.30000000000000004	False	0.001	CVCR	0	0.5604395604395604
200	5	continuous	binary	0.65	0.004	0.30000000000000004	False	0.001	CVCR	0	0.595959595959596
200	5	continuous	binary	0.65	0.004	0.30000000000000004	False	0.001	CVCR	0	0.4949494949494949
200	5	continuous	binary	0.65	0.004	0.30000000000000004	False	0.001	CVCR	0	0.3939393939393939
200	5	continuous	binary	0.65	0.004	0.30000000000000004	False	0.001	CVCR	0	0.3350383631713555
200	5	continuous	binary	0.65	0.004	0.30000000000000004	False	0.001	CVCR	0	0.5488721804511277
200	5	continuous	binary	0.65	0.004	0.30000000000000004	False	0.001	CVCR	0	0.3939393939393939
200	5	continuous	binary	0.65	0.004	0.30000000000000004	False	0.001	CVCR	0	0.47916666666666663
200	5	continuous	binary	0.65	0.004	0.30000000000000004	False	0.001	CVCR	0	0.7
200	5	continuous	binary	0.65	0.004	0.30000000000000004	False	0.001	CB	0	0.2
200	5	continuous	binary	0.65	0.004	0.30000000000000004	False	0.001	CB	0	0.7333333333333334
200	5	continuous	binary	0.65	0.004	0.30000000000000004	False	0.001	CB	0	0.7333333333333334
200	5	continuous	binary	0.65	0.004	0.30000000000000004	False	0.001	CB	0	0.5
200	5	continuous	binary	0.65	0.004	0.30000000000000004	False	0.001	CB	0	0.0
200	5	continuous	binary	0.65	0.004	0.30000000000000004	False	0.001	CB	0	0.0
200	5	continuous	binary	0.65	0.004	0.30000000000000004	False	0.001	CB	0	0.0
200	5	continuous	binary	0.65	0.004	0.30000000000000004	False	0.001	CB	0	0.3333333333333333
200	5	continuous	binary	0.65	0.004	0.30000000000000004	False	0.001	CB	0	0.3333333333333333
200	5	continuous	binary	0.65	0.004	0.30000000000000004	False	0.001	CB	0	0.3333333333333333
200	5	continuous	binary	0.65	0.004	0.35000000000000003	False	0.001	None	0	0.797979797979798
200	5	continuous	binary	0.65	0.004	0.35000000000000003	False	0.001	None	0	0.797979797979798
200	5	continuous	binary	0.65	0.004	0.35000000000000003	False	0.001	None	0	0.6266666666666667
200	5	continuous	binary	0.65	0.004	0.35000000000000003	False	0.001	None	0	0.7
200	5	continuous	binary	0.65	0.004	0.35000000000000003	False	0.001	None	0	0.8000000000000002
200	5	continuous	binary	0.65	0.004	0.35000000000000003	False	0.001	None	0	0.8465473145780051
200	5	continuous	binary	0.65	0.004	0.35000000000000003	False	0.001	None	0	0.9
200	5	continuous	binary	0.65	0.004	0.35000000000000003	False	0.001	None	0	0.7916666666666665
200	5	continuous	binary	0.65	0.004	0.35000000000000003	False	0.001	None	0	0.6875
200	5	continuous	binary	0.65	0.004	0.35000000000000003	False	0.001	None	0	0.7442455242966751
200	5	continuous	binary	0.65	0.004	0.35000000000000003	False	0.001	WDCR	0	0.4373401534526854
200	5	continuous	binary	0.65	0.004	0.35000000000000003	False	0.001	WDCR	0	0.4486215538847118
200	5	continuous	binary	0.65	0.004	0.35000000000000003	False	0.001	WDCR	0	0.5604395604395604
200	5	continuous	binary	0.65	0.004	0.35000000000000003	False	0.001	WDCR	0	0.4486215538847118
200	5	continuous	binary	0.65	0.004	0.35000000000000003	False	0.001	WDCR	0	0.5488721804511277
200	5	continuous	binary	0.65	0.004	0.35000000000000003	False	0.001	WDCR	0	0.5488721804511277
200	5	continuous	binary	0.65	0.004	0.35000000000000003	False	0.001	WDCR	0	0.6491228070175439
200	5	continuous	binary	0.65	0.004	0.35000000000000003	False	0.001	WDCR	0	0.4373401534526854
200	5	continuous	binary	0.65	0.004	0.35000000000000003	False	0.001	WDCR	0	0.3939393939393939
200	5	continuous	binary	0.65	0.004	0.35000000000000003	False	0.001	WDCR	0	0.24812030075187969
200	5	continuous	binary	0.65	0.004	0.35000000000000003	False	0.001	CVCR	0	0.2708333333333333
200	5	continuous	binary	0.65	0.004	0.35000000000000003	False	0.001	CVCR	0	0.5488721804511277
200	5	continuous	binary	0.65	0.004	0.35000000000000003	False	0.001	CVCR	0	0.5833333333333333
200	5	continuous	binary	0.65	0.004	0.35000000000000003	False	0.001	CVCR	0	0.4486215538847118
200	5	continuous	binary	0.65	0.004	0.35000000000000003	False	0.001	CVCR	0	0.4486215538847118
200	5	continuous	binary	0.65	0.004	0.35000000000000003	False	0.001	CVCR	0	0.595959595959596
200	5	continuous	binary	0.65	0.004	0.35000000000000003	False	0.001	CVCR	0	0.595959595959596
200	5	continuous	binary	0.65	0.004	0.35000000000000003	False	0.001	CVCR	0	0.5604395604395604
200	5	continuous	binary	0.65	0.004	0.35000000000000003	False	0.001	CVCR	0	0.3939393939393939
200	5	continuous	binary	0.65	0.004	0.35000000000000003	False	0.001	CVCR	0	0.24812030075187969
200	5	continuous	binary	0.65	0.004	0.35000000000000003	False	0.001	CB	0	0.7333333333333334
200	5	continuous	binary	0.65	0.004	0.35000000000000003	False	0.001	CB	0	0.3333333333333333
200	5	continuous	binary	0.65	0.004	0.35000000000000003	False	0.001	CB	0	0.7333333333333334
200	5	continuous	binary	0.65	0.004	0.35000000000000003	False	0.001	CB	0	0.5
200	5	continuous	binary	0.65	0.004	0.35000000000000003	False	0.001	CB	0	0.7333333333333334
200	5	continuous	binary	0.65	0.004	0.35000000000000003	False	0.001	CB	0	0.3333333333333333
200	5	continuous	binary	0.65	0.004	0.35000000000000003	False	0.001	CB	0	0.3333333333333333
200	5	continuous	binary	0.65	0.004	0.35000000000000003	False	0.001	CB	0	1.0
200	5	continuous	binary	0.65	0.004	0.35000000000000003	False	0.001	CB	0	0.3333333333333333
200	5	continuous	binary	0.65	0.004	0.35000000000000003	False	0.001	CB	0	0.3333333333333333
200	5	continuous	binary	0.65	0.1	0.0	False	0.001	None	0	0.849624060150376
200	5	continuous	binary	0.65	0.1	0.0	False	0.001	None	0	0.7
200	5	continuous	binary	0.65	0.1	0.0	False	0.001	None	0	0.7493734335839599
200	5	continuous	binary	0.65	0.1	0.0	False	0.001	None	0	0.8465473145780051
200	5	continuous	binary	0.65	0.1	0.0	False	0.001	None	0	0.7493734335839599
200	5	continuous	binary	0.65	0.1	0.0	False	0.001	None	0	0.6875
200	5	continuous	binary	0.65	0.1	0.0	False	0.001	None	0	0.7442455242966751
200	5	continuous	binary	0.65	0.1	0.0	False	0.001	None	0	0.6969696969696968
200	5	continuous	binary	0.65	0.1	0.0	False	0.001	None	0	0.797979797979798
200	5	continuous	binary	0.65	0.1	0.0	False	0.001	None	0	0.6419437340153452
200	5	continuous	binary	0.65	0.1	0.0	False	0.001	WDCR	0	0.849624060150376
200	5	continuous	binary	0.65	0.1	0.0	False	0.001	WDCR	0	0.7
200	5	continuous	binary	0.65	0.1	0.0	False	0.001	WDCR	0	0.7493734335839599
200	5	continuous	binary	0.65	0.1	0.0	False	0.001	WDCR	0	0.8465473145780051
200	5	continuous	binary	0.65	0.1	0.0	False	0.001	WDCR	0	0.7493734335839599
200	5	continuous	binary	0.65	0.1	0.0	False	0.001	WDCR	0	0.6875
200	5	continuous	binary	0.65	0.1	0.0	False	0.001	WDCR	0	0.7442455242966751
200	5	continuous	binary	0.65	0.1	0.0	False	0.001	WDCR	0	0.6969696969696968
200	5	continuous	binary	0.65	0.1	0.0	False	0.001	WDCR	0	0.797979797979798
200	5	continuous	binary	0.65	0.1	0.0	False	0.001	WDCR	0	0.6419437340153452
200	5	continuous	binary	0.65	0.1	0.0	False	0.001	CVCR	0	0.849624060150376
200	5	continuous	binary	0.65	0.1	0.0	False	0.001	CVCR	0	0.7
200	5	continuous	binary	0.65	0.1	0.0	False	0.001	CVCR	0	0.7493734335839599
200	5	continuous	binary	0.65	0.1	0.0	False	0.001	CVCR	0	0.8465473145780051
200	5	continuous	binary	0.65	0.1	0.0	False	0.001	CVCR	0	0.7493734335839599
200	5	continuous	binary	0.65	0.1	0.0	False	0.001	CVCR	0	0.6875
200	5	continuous	binary	0.65	0.1	0.0	False	0.001	CVCR	0	0.7442455242966751
200	5	continuous	binary	0.65	0.1	0.0	False	0.001	CVCR	0	0.6969696969696968
200	5	continuous	binary	0.65	0.1	0.0	False	0.001	CVCR	0	0.797979797979798
200	5	continuous	binary	0.65	0.1	0.0	False	0.001	CVCR	0	0.6419437340153452
200	5	continuous	binary	0.65	0.1	0.0	False	0.001	CB	0	0.7333333333333334
200	5	continuous	binary	0.65	0.1	0.0	False	0.001	CB	0	1.0
200	5	continuous	binary	0.65	0.1	0.0	False	0.001	CB	0	1.0
200	5	continuous	binary	0.65	0.1	0.0	False	0.001	CB	0	0.7333333333333334
200	5	continuous	binary	0.65	0.1	0.0	False	0.001	CB	0	1.0
200	5	continuous	binary	0.65	0.1	0.0	False	0.001	CB	0	0.7333333333333334
200	5	continuous	binary	0.65	0.1	0.0	False	0.001	CB	0	1.0
200	5	continuous	binary	0.65	0.1	0.0	False	0.001	CB	0	0.7333333333333334
200	5	continuous	binary	0.65	0.1	0.0	False	0.001	CB	0	0.7333333333333334
200	5	continuous	binary	0.65	0.1	0.0	False	0.001	CB	0	0.7333333333333334
200	5	continuous	binary	0.65	0.1	0.05	False	0.001	None	0	0.7442455242966751
200	5	continuous	binary	0.65	0.1	0.05	False	0.001	None	0	0.797979797979798
200	5	continuous	binary	0.65	0.1	0.05	False	0.001	None	0	0.949874686716792
200	5	continuous	binary	0.65	0.1	0.05	False	0.001	None	0	0.6491228070175439
200	5	continuous	binary	0.65	0.1	0.05	False	0.001	None	0	0.9
200	5	continuous	binary	0.65	0.1	0.05	False	0.001	None	0	0.9
200	5	continuous	binary	0.65	0.1	0.05	False	0.001	None	0	0.8000000000000002
200	5	continuous	binary	0.65	0.1	0.05	False	0.001	None	0	0.7916666666666665
200	5	continuous	binary	0.65	0.1	0.05	False	0.001	None	0	0.8465473145780051
200	5	continuous	binary	0.65	0.1	0.05	False	0.001	None	0	0.949874686716792
200	5	continuous	binary	0.65	0.1	0.05	False	0.001	WDCR	0	0.6969696969696968
200	5	continuous	binary	0.65	0.1	0.05	False	0.001	WDCR	0	0.6266666666666667
200	5	continuous	binary	0.65	0.1	0.05	False	0.001	WDCR	0	0.9
200	5	continuous	binary	0.65	0.1	0.05	False	0.001	WDCR	0	0.7
200	5	continuous	binary	0.65	0.1	0.05	False	0.001	WDCR	0	0.8000000000000002
200	5	continuous	binary	0.65	0.1	0.05	False	0.001	WDCR	0	0.7493734335839599
200	5	continuous	binary	0.65	0.1	0.05	False	0.001	WDCR	0	0.6969696969696968
200	5	continuous	binary	0.65	0.1	0.05	False	0.001	WDCR	0	0.5488721804511277
200	5	continuous	binary	0.65	0.1	0.05	False	0.001	WDCR	0	0.8465473145780051
200	5	continuous	binary	0.65	0.1	0.05	False	0.001	WDCR	0	0.898989898989899
200	5	continuous	binary	0.65	0.1	0.05	False	0.001	CVCR	0	0.6969696969696968
200	5	continuous	binary	0.65	0.1	0.05	False	0.001	CVCR	0	0.6266666666666667
200	5	continuous	binary	0.65	0.1	0.05	False	0.001	CVCR	0	0.898989898989899
200	5	continuous	binary	0.65	0.1	0.05	False	0.001	CVCR	0	0.7
200	5	continuous	binary	0.65	0.1	0.05	False	0.001	CVCR	0	0.8000000000000002
200	5	continuous	binary	0.65	0.1	0.05	False	0.001	CVCR	0	0.7493734335839599
200	5	continuous	binary	0.65	0.1	0.05	False	0.001	CVCR	0	0.6969696969696968
200	5	continuous	binary	0.65	0.1	0.05	False	0.001	CVCR	0	0.5
200	5	continuous	binary	0.65	0.1	0.05	False	0.001	CVCR	0	0.8465473145780051
200	5	continuous	binary	0.65	0.1	0.05	False	0.001	CVCR	0	0.898989898989899
200	5	continuous	binary	0.65	0.1	0.05	False	0.001	CB	0	0.7333333333333334
200	5	continuous	binary	0.65	0.1	0.05	False	0.001	CB	0	1.0
200	5	continuous	binary	0.65	0.1	0.05	False	0.001	CB	0	0.5
200	5	continuous	binary	0.65	0.1	0.05	False	0.001	CB	0	0.0
200	5	continuous	binary	0.65	0.1	0.05	False	0.001	CB	0	1.0
200	5	continuous	binary	0.65	0.1	0.05	False	0.001	CB	0	1.0
200	5	continuous	binary	0.65	0.1	0.05	False	0.001	CB	0	0.3333333333333333
200	5	continuous	binary	0.65	0.1	0.05	False	0.001	CB	0	1.0
200	5	continuous	binary	0.65	0.1	0.05	False	0.001	CB	0	1.0
200	5	continuous	binary	0.65	0.1	0.05	False	0.001	CB	0	0.0
200	5	continuous	binary	0.65	0.1	0.1	False	0.001	None	0	0.9
200	5	continuous	binary	0.65	0.1	0.1	False	0.001	None	0	0.7493734335839599
200	5	continuous	binary	0.65	0.1	0.1	False	0.001	None	0	0.7493734335839599
200	5	continuous	binary	0.65	0.1	0.1	False	0.001	None	0	0.797979797979798
200	5	continuous	binary	0.65	0.1	0.1	False	0.001	None	0	0.898989898989899
200	5	continuous	binary	0.65	0.1	0.1	False	0.001	None	0	0.6969696969696968
200	5	continuous	binary	0.65	0.1	0.1	False	0.001	None	0	0.949874686716792
200	5	continuous	binary	0.65	0.1	0.1	False	0.001	None	0	1.0
200	5	continuous	binary	0.65	0.1	0.1	False	0.001	None	0	0.9
200	5	continuous	binary	0.65	0.1	0.1	False	0.001	None	0	0.8000000000000002
200	5	continuous	binary	0.65	0.1	0.1	False	0.001	WDCR	0	0.9
200	5	continuous	binary	0.65	0.1	0.1	False	0.001	WDCR	0	0.6491228070175439
200	5	continuous	binary	0.65	0.1	0.1	False	0.001	WDCR	0	0.595959595959596
200	5	continuous	binary	0.65	0.1	0.1	False	0.001	WDCR	0	0.7493734335839599
200	5	continuous	binary	0.65	0.1	0.1	False	0.001	WDCR	0	0.6969696969696968
200	5	continuous	binary	0.65	0.1	0.1	False	0.001	WDCR	0	0.595959595959596
200	5	continuous	binary	0.65	0.1	0.1	False	0.001	WDCR	0	0.7916666666666665
200	5	continuous	binary	0.65	0.1	0.1	False	0.001	WDCR	0	0.6491228070175439
200	5	continuous	binary	0.65	0.1	0.1	False	0.001	WDCR	0	0.849624060150376
200	5	continuous	binary	0.65	0.1	0.1	False	0.001	WDCR	0	0.24812030075187969
200	5	continuous	binary	0.65	0.1	0.1	False	0.001	CVCR	0	0.9
200	5	continuous	binary	0.65	0.1	0.1	False	0.001	CVCR	0	0.6491228070175439
200	5	continuous	binary	0.65	0.1	0.1	False	0.001	CVCR	0	0.6491228070175439
200	5	continuous	binary	0.65	0.1	0.1	False	0.001	CVCR	0	0.7493734335839599
200	5	continuous	binary	0.65	0.1	0.1	False	0.001	CVCR	0	0.6419437340153452
200	5	continuous	binary	0.65	0.1	0.1	False	0.001	CVCR	0	0.595959595959596
200	5	continuous	binary	0.65	0.1	0.1	False	0.001	CVCR	0	0.7916666666666665
200	5	continuous	binary	0.65	0.1	0.1	False	0.001	CVCR	0	0.8000000000000002
200	5	continuous	binary	0.65	0.1	0.1	False	0.001	CVCR	0	0.849624060150376
200	5	continuous	binary	0.65	0.1	0.1	False	0.001	CVCR	0	0.3
200	5	continuous	binary	0.65	0.1	0.1	False	0.001	CB	0	0.7333333333333334
200	5	continuous	binary	0.65	0.1	0.1	False	0.001	CB	0	1.0
200	5	continuous	binary	0.65	0.1	0.1	False	0.001	CB	0	1.0
200	5	continuous	binary	0.65	0.1	0.1	False	0.001	CB	0	1.0
200	5	continuous	binary	0.65	0.1	0.1	False	0.001	CB	0	1.0
200	5	continuous	binary	0.65	0.1	0.1	False	0.001	CB	0	0.7333333333333334
200	5	continuous	binary	0.65	0.1	0.1	False	0.001	CB	0	1.0
200	5	continuous	binary	0.65	0.1	0.1	False	0.001	CB	0	0.7333333333333334
200	5	continuous	binary	0.65	0.1	0.1	False	0.001	CB	0	1.0
200	5	continuous	binary	0.65	0.1	0.1	False	0.001	CB	0	0.3333333333333333
200	5	continuous	binary	0.65	0.1	0.15000000000000002	False	0.001	None	0	0.8000000000000002
200	5	continuous	binary	0.65	0.1	0.15000000000000002	False	0.001	None	0	0.9
200	5	continuous	binary	0.65	0.1	0.15000000000000002	False	0.001	None	0	0.949874686716792
200	5	continuous	binary	0.65	0.1	0.15000000000000002	False	0.001	None	0	0.949874686716792
200	5	continuous	binary	0.65	0.1	0.15000000000000002	False	0.001	None	0	0.8465473145780051
200	5	continuous	binary	0.65	0.1	0.15000000000000002	False	0.001	None	0	0.797979797979798
200	5	continuous	binary	0.65	0.1	0.15000000000000002	False	0.001	None	0	0.9
200	5	continuous	binary	0.65	0.1	0.15000000000000002	False	0.001	None	0	0.949874686716792
200	5	continuous	binary	0.65	0.1	0.15000000000000002	False	0.001	None	0	0.8465473145780051
200	5	continuous	binary	0.65	0.1	0.15000000000000002	False	0.001	None	0	0.849624060150376
200	5	continuous	binary	0.65	0.1	0.15000000000000002	False	0.001	WDCR	0	0.6
200	5	continuous	binary	0.65	0.1	0.15000000000000002	False	0.001	WDCR	0	0.7493734335839599
200	5	continuous	binary	0.65	0.1	0.15000000000000002	False	0.001	WDCR	0	0.849624060150376
200	5	continuous	binary	0.65	0.1	0.15000000000000002	False	0.001	WDCR	0	0.849624060150376
200	5	continuous	binary	0.65	0.1	0.15000000000000002	False	0.001	WDCR	0	0.7442455242966751
200	5	continuous	binary	0.65	0.1	0.15000000000000002	False	0.001	WDCR	0	0.797979797979798
200	5	continuous	binary	0.65	0.1	0.15000000000000002	False	0.001	WDCR	0	0.6
200	5	continuous	binary	0.65	0.1	0.15000000000000002	False	0.001	WDCR	0	0.7333333333333334
200	5	continuous	binary	0.65	0.1	0.15000000000000002	False	0.001	WDCR	0	0.6419437340153452
200	5	continuous	binary	0.65	0.1	0.15000000000000002	False	0.001	WDCR	0	0.6491228070175439
200	5	continuous	binary	0.65	0.1	0.15000000000000002	False	0.001	CVCR	0	0.6
200	5	continuous	binary	0.65	0.1	0.15000000000000002	False	0.001	CVCR	0	0.7493734335839599
200	5	continuous	binary	0.65	0.1	0.15000000000000002	False	0.001	CVCR	0	0.849624060150376
200	5	continuous	binary	0.65	0.1	0.15000000000000002	False	0.001	CVCR	0	0.9
200	5	continuous	binary	0.65	0.1	0.15000000000000002	False	0.001	CVCR	0	0.7916666666666665
200	5	continuous	binary	0.65	0.1	0.15000000000000002	False	0.001	CVCR	0	0.797979797979798
200	5	continuous	binary	0.65	0.1	0.15000000000000002	False	0.001	CVCR	0	0.6
200	5	continuous	binary	0.65	0.1	0.15000000000000002	False	0.001	CVCR	0	0.7916666666666665
200	5	continuous	binary	0.65	0.1	0.15000000000000002	False	0.001	CVCR	0	0.6419437340153452
200	5	continuous	binary	0.65	0.1	0.15000000000000002	False	0.001	CVCR	0	0.6491228070175439
200	5	continuous	binary	0.65	0.1	0.15000000000000002	False	0.001	CB	0	1.0
200	5	continuous	binary	0.65	0.1	0.15000000000000002	False	0.001	CB	0	0.7333333333333334
200	5	continuous	binary	0.65	0.1	0.15000000000000002	False	0.001	CB	0	1.0
200	5	continuous	binary	0.65	0.1	0.15000000000000002	False	0.001	CB	0	1.0
200	5	continuous	binary	0.65	0.1	0.15000000000000002	False	0.001	CB	0	1.0
200	5	continuous	binary	0.65	0.1	0.15000000000000002	False	0.001	CB	0	1.0
200	5	continuous	binary	0.65	0.1	0.15000000000000002	False	0.001	CB	0	0.7333333333333334
200	5	continuous	binary	0.65	0.1	0.15000000000000002	False	0.001	CB	0	0.3333333333333333
200	5	continuous	binary	0.65	0.1	0.15000000000000002	False	0.001	CB	0	1.0
200	5	continuous	binary	0.65	0.1	0.15000000000000002	False	0.001	CB	0	0.3333333333333333
200	5	continuous	binary	0.65	0.1	0.2	False	0.001	None	0	1.0
200	5	continuous	binary	0.65	0.1	0.2	False	0.001	None	0	0.797979797979798
200	5	continuous	binary	0.65	0.1	0.2	False	0.001	None	0	0.9
200	5	continuous	binary	0.65	0.1	0.2	False	0.001	None	0	0.7916666666666665
200	5	continuous	binary	0.65	0.1	0.2	False	0.001	None	0	0.898989898989899
200	5	continuous	binary	0.65	0.1	0.2	False	0.001	None	0	1.0
200	5	continuous	binary	0.65	0.1	0.2	False	0.001	None	0	1.0
200	5	continuous	binary	0.65	0.1	0.2	False	0.001	None	0	0.949874686716792
200	5	continuous	binary	0.65	0.1	0.2	False	0.001	None	0	0.849624060150376
200	5	continuous	binary	0.65	0.1	0.2	False	0.001	None	0	0.898989898989899
200	5	continuous	binary	0.65	0.1	0.2	False	0.001	WDCR	0	0.4949494949494949
200	5	continuous	binary	0.65	0.1	0.2	False	0.001	WDCR	0	0.7
200	5	continuous	binary	0.65	0.1	0.2	False	0.001	WDCR	0	0.6969696969696968
200	5	continuous	binary	0.65	0.1	0.2	False	0.001	WDCR	0	0.6419437340153452
200	5	continuous	binary	0.65	0.1	0.2	False	0.001	WDCR	0	0.7493734335839599
200	5	continuous	binary	0.65	0.1	0.2	False	0.001	WDCR	0	0.6491228070175439
200	5	continuous	binary	0.65	0.1	0.2	False	0.001	WDCR	0	0.7442455242966751
200	5	continuous	binary	0.65	0.1	0.2	False	0.001	WDCR	0	0.849624060150376
200	5	continuous	binary	0.65	0.1	0.2	False	0.001	WDCR	0	0.5833333333333333
200	5	continuous	binary	0.65	0.1	0.2	False	0.001	WDCR	0	0.6491228070175439
200	5	continuous	binary	0.65	0.1	0.2	False	0.001	CVCR	0	0.4949494949494949
200	5	continuous	binary	0.65	0.1	0.2	False	0.001	CVCR	0	0.6491228070175439
200	5	continuous	binary	0.65	0.1	0.2	False	0.001	CVCR	0	0.6875
200	5	continuous	binary	0.65	0.1	0.2	False	0.001	CVCR	0	0.6419437340153452
200	5	continuous	binary	0.65	0.1	0.2	False	0.001	CVCR	0	0.7493734335839599
200	5	continuous	binary	0.65	0.1	0.2	False	0.001	CVCR	0	0.6969696969696968
200	5	continuous	binary	0.65	0.1	0.2	False	0.001	CVCR	0	0.797979797979798
200	5	continuous	binary	0.65	0.1	0.2	False	0.001	CVCR	0	0.9
200	5	continuous	binary	0.65	0.1	0.2	False	0.001	CVCR	0	0.5396419437340153
200	5	continuous	binary	0.65	0.1	0.2	False	0.001	CVCR	0	0.6491228070175439
200	5	continuous	binary	0.65	0.1	0.2	False	0.001	CB	0	1.0
200	5	continuous	binary	0.65	0.1	0.2	False	0.001	CB	0	1.0
200	5	continuous	binary	0.65	0.1	0.2	False	0.001	CB	0	0.7333333333333334
200	5	continuous	binary	0.65	0.1	0.2	False	0.001	CB	0	0.7333333333333334
200	5	continuous	binary	0.65	0.1	0.2	False	0.001	CB	0	1.0
200	5	continuous	binary	0.65	0.1	0.2	False	0.001	CB	0	0.7333333333333334
200	5	continuous	binary	0.65	0.1	0.2	False	0.001	CB	0	1.0
200	5	continuous	binary	0.65	0.1	0.2	False	0.001	CB	0	0.7333333333333334
200	5	continuous	binary	0.65	0.1	0.2	False	0.001	CB	0	0.3333333333333333
200	5	continuous	binary	0.65	0.1	0.2	False	0.001	CB	0	1.0
200	5	continuous	binary	0.65	0.1	0.25	False	0.001	None	0	1.0
200	5	continuous	binary	0.65	0.1	0.25	False	0.001	None	0	1.0
200	5	continuous	binary	0.65	0.1	0.25	False	0.001	None	0	1.0
200	5	continuous	binary	0.65	0.1	0.25	False	0.001	None	0	0.949874686716792
200	5	continuous	binary	0.65	0.1	0.25	False	0.001	None	0	0.898989898989899
200	5	continuous	binary	0.65	0.1	0.25	False	0.001	None	0	0.949874686716792
200	5	continuous	binary	0.65	0.1	0.25	False	0.001	None	0	0.949874686716792
200	5	continuous	binary	0.65	0.1	0.25	False	0.001	None	0	0.7916666666666665
200	5	continuous	binary	0.65	0.1	0.25	False	0.001	None	0	0.949874686716792
200	5	continuous	binary	0.65	0.1	0.25	False	0.001	None	0	0.849624060150376
200	5	continuous	binary	0.65	0.1	0.25	False	0.001	WDCR	0	0.849624060150376
200	5	continuous	binary	0.65	0.1	0.25	False	0.001	WDCR	0	0.8465473145780051
200	5	continuous	binary	0.65	0.1	0.25	False	0.001	WDCR	0	0.797979797979798
200	5	continuous	binary	0.65	0.1	0.25	False	0.001	WDCR	0	0.6491228070175439
200	5	continuous	binary	0.65	0.1	0.25	False	0.001	WDCR	0	0.7442455242966751
200	5	continuous	binary	0.65	0.1	0.25	False	0.001	WDCR	0	0.8000000000000002
200	5	continuous	binary	0.65	0.1	0.25	False	0.001	WDCR	0	0.7
200	5	continuous	binary	0.65	0.1	0.25	False	0.001	WDCR	0	0.7442455242966751
200	5	continuous	binary	0.65	0.1	0.25	False	0.001	WDCR	0	0.6875
200	5	continuous	binary	0.65	0.1	0.25	False	0.001	WDCR	0	0.52
200	5	continuous	binary	0.65	0.1	0.25	False	0.001	CVCR	0	0.849624060150376
200	5	continuous	binary	0.65	0.1	0.25	False	0.001	CVCR	0	0.8465473145780051
200	5	continuous	binary	0.65	0.1	0.25	False	0.001	CVCR	0	0.898989898989899
200	5	continuous	binary	0.65	0.1	0.25	False	0.001	CVCR	0	0.6969696969696968
200	5	continuous	binary	0.65	0.1	0.25	False	0.001	CVCR	0	0.6969696969696968
200	5	continuous	binary	0.65	0.1	0.25	False	0.001	CVCR	0	0.8000000000000002
200	5	continuous	binary	0.65	0.1	0.25	False	0.001	CVCR	0	0.7493734335839599
200	5	continuous	binary	0.65	0.1	0.25	False	0.001	CVCR	0	0.7442455242966751
200	5	continuous	binary	0.65	0.1	0.25	False	0.001	CVCR	0	0.6875
200	5	continuous	binary	0.65	0.1	0.25	False	0.001	CVCR	0	0.5833333333333333
200	5	continuous	binary	0.65	0.1	0.25	False	0.001	CB	0	0.7333333333333334
200	5	continuous	binary	0.65	0.1	0.25	False	0.001	CB	0	0.7333333333333334
200	5	continuous	binary	0.65	0.1	0.25	False	0.001	CB	0	1.0
200	5	continuous	binary	0.65	0.1	0.25	False	0.001	CB	0	1.0
200	5	continuous	binary	0.65	0.1	0.25	False	0.001	CB	0	1.0
200	5	continuous	binary	0.65	0.1	0.25	False	0.001	CB	0	0.7333333333333334
200	5	continuous	binary	0.65	0.1	0.25	False	0.001	CB	0	1.0
200	5	continuous	binary	0.65	0.1	0.25	False	0.001	CB	0	1.0
200	5	continuous	binary	0.65	0.1	0.25	False	0.001	CB	0	1.0
200	5	continuous	binary	0.65	0.1	0.25	False	0.001	CB	0	1.0
200	5	continuous	binary	0.65	0.1	0.30000000000000004	False	0.001	None	0	0.949874686716792
200	5	continuous	binary	0.65	0.1	0.30000000000000004	False	0.001	None	0	1.0
200	5	continuous	binary	0.65	0.1	0.30000000000000004	False	0.001	None	0	0.949874686716792
200	5	continuous	binary	0.65	0.1	0.30000000000000004	False	0.001	None	0	0.9
200	5	continuous	binary	0.65	0.1	0.30000000000000004	False	0.001	None	0	1.0
200	5	continuous	binary	0.65	0.1	0.30000000000000004	False	0.001	None	0	1.0
200	5	continuous	binary	0.65	0.1	0.30000000000000004	False	0.001	None	0	0.949874686716792
200	5	continuous	binary	0.65	0.1	0.30000000000000004	False	0.001	None	0	0.949874686716792
200	5	continuous	binary	0.65	0.1	0.30000000000000004	False	0.001	None	0	0.949874686716792
200	5	continuous	binary	0.65	0.1	0.30000000000000004	False	0.001	None	0	1.0
200	5	continuous	binary	0.65	0.1	0.30000000000000004	False	0.001	WDCR	0	0.6419437340153452
200	5	continuous	binary	0.65	0.1	0.30000000000000004	False	0.001	WDCR	0	0.5833333333333333
200	5	continuous	binary	0.65	0.1	0.30000000000000004	False	0.001	WDCR	0	0.6419437340153452
200	5	continuous	binary	0.65	0.1	0.30000000000000004	False	0.001	WDCR	0	0.7442455242966751
200	5	continuous	binary	0.65	0.1	0.30000000000000004	False	0.001	WDCR	0	0.7442455242966751
200	5	continuous	binary	0.65	0.1	0.30000000000000004	False	0.001	WDCR	0	0.849624060150376
200	5	continuous	binary	0.65	0.1	0.30000000000000004	False	0.001	WDCR	0	0.6969696969696968
200	5	continuous	binary	0.65	0.1	0.30000000000000004	False	0.001	WDCR	0	0.6969696969696968
200	5	continuous	binary	0.65	0.1	0.30000000000000004	False	0.001	WDCR	0	0.8465473145780051
200	5	continuous	binary	0.65	0.1	0.30000000000000004	False	0.001	WDCR	0	0.898989898989899
200	5	continuous	binary	0.65	0.1	0.30000000000000004	False	0.001	CVCR	0	0.6419437340153452
200	5	continuous	binary	0.65	0.1	0.30000000000000004	False	0.001	CVCR	0	0.5833333333333333
200	5	continuous	binary	0.65	0.1	0.30000000000000004	False	0.001	CVCR	0	0.6969696969696968
200	5	continuous	binary	0.65	0.1	0.30000000000000004	False	0.001	CVCR	0	0.7442455242966751
200	5	continuous	binary	0.65	0.1	0.30000000000000004	False	0.001	CVCR	0	0.7442455242966751
200	5	continuous	binary	0.65	0.1	0.30000000000000004	False	0.001	CVCR	0	0.849624060150376
200	5	continuous	binary	0.65	0.1	0.30000000000000004	False	0.001	CVCR	0	0.6969696969696968
200	5	continuous	binary	0.65	0.1	0.30000000000000004	False	0.001	CVCR	0	0.7493734335839599
200	5	continuous	binary	0.65	0.1	0.30000000000000004	False	0.001	CVCR	0	0.8465473145780051
200	5	continuous	binary	0.65	0.1	0.30000000000000004	False	0.001	CVCR	0	0.898989898989899
200	5	continuous	binary	0.65	0.1	0.30000000000000004	False	0.001	CB	0	0.7333333333333334
200	5	continuous	binary	0.65	0.1	0.30000000000000004	False	0.001	CB	0	1.0
200	5	continuous	binary	0.65	0.1	0.30000000000000004	False	0.001	CB	0	1.0
200	5	continuous	binary	0.65	0.1	0.30000000000000004	False	0.001	CB	0	1.0
200	5	continuous	binary	0.65	0.1	0.30000000000000004	False	0.001	CB	0	1.0
200	5	continuous	binary	0.65	0.1	0.30000000000000004	False	0.001	CB	0	1.0
200	5	continuous	binary	0.65	0.1	0.30000000000000004	False	0.001	CB	0	1.0
200	5	continuous	binary	0.65	0.1	0.30000000000000004	False	0.001	CB	0	1.0
200	5	continuous	binary	0.65	0.1	0.30000000000000004	False	0.001	CB	0	1.0
200	5	continuous	binary	0.65	0.1	0.30000000000000004	False	0.001	CB	0	1.0
200	5	continuous	binary	0.65	0.1	0.35000000000000003	False	0.001	None	0	0.898989898989899
200	5	continuous	binary	0.65	0.1	0.35000000000000003	False	0.001	None	0	0.849624060150376
200	5	continuous	binary	0.65	0.1	0.35000000000000003	False	0.001	None	0	0.849624060150376
200	5	continuous	binary	0.65	0.1	0.35000000000000003	False	0.001	None	0	1.0
200	5	continuous	binary	0.65	0.1	0.35000000000000003	False	0.001	None	0	0.949874686716792
200	5	continuous	binary	0.65	0.1	0.35000000000000003	False	0.001	None	0	0.849624060150376
200	5	continuous	binary	0.65	0.1	0.35000000000000003	False	0.001	None	0	0.949874686716792
200	5	continuous	binary	0.65	0.1	0.35000000000000003	False	0.001	None	0	1.0
200	5	continuous	binary	0.65	0.1	0.35000000000000003	False	0.001	None	0	0.949874686716792
200	5	continuous	binary	0.65	0.1	0.35000000000000003	False	0.001	None	0	0.949874686716792
200	5	continuous	binary	0.65	0.1	0.35000000000000003	False	0.001	WDCR	0	0.7
200	5	continuous	binary	0.65	0.1	0.35000000000000003	False	0.001	WDCR	0	0.7442455242966751
200	5	continuous	binary	0.65	0.1	0.35000000000000003	False	0.001	WDCR	0	0.7493734335839599
200	5	continuous	binary	0.65	0.1	0.35000000000000003	False	0.001	WDCR	0	0.6969696969696968
200	5	continuous	binary	0.65	0.1	0.35000000000000003	False	0.001	WDCR	0	0.5
200	5	continuous	binary	0.65	0.1	0.35000000000000003	False	0.001	WDCR	0	0.6969696969696968
200	5	continuous	binary	0.65	0.1	0.35000000000000003	False	0.001	WDCR	0	0.6419437340153452
200	5	continuous	binary	0.65	0.1	0.35000000000000003	False	0.001	WDCR	0	0.6875
200	5	continuous	binary	0.65	0.1	0.35000000000000003	False	0.001	WDCR	0	0.595959595959596
200	5	continuous	binary	0.65	0.1	0.35000000000000003	False	0.001	WDCR	0	0.849624060150376
200	5	continuous	binary	0.65	0.1	0.35000000000000003	False	0.001	CVCR	0	0.7493734335839599
200	5	continuous	binary	0.65	0.1	0.35000000000000003	False	0.001	CVCR	0	0.7442455242966751
200	5	continuous	binary	0.65	0.1	0.35000000000000003	False	0.001	CVCR	0	0.7493734335839599
200	5	continuous	binary	0.65	0.1	0.35000000000000003	False	0.001	CVCR	0	0.6969696969696968
200	5	continuous	binary	0.65	0.1	0.35000000000000003	False	0.001	CVCR	0	0.5
200	5	continuous	binary	0.65	0.1	0.35000000000000003	False	0.001	CVCR	0	0.7493734335839599
200	5	continuous	binary	0.65	0.1	0.35000000000000003	False	0.001	CVCR	0	0.595959595959596
200	5	continuous	binary	0.65	0.1	0.35000000000000003	False	0.001	CVCR	0	0.7442455242966751
200	5	continuous	binary	0.65	0.1	0.35000000000000003	False	0.001	CVCR	0	0.6969696969696968
200	5	continuous	binary	0.65	0.1	0.35000000000000003	False	0.001	CVCR	0	0.849624060150376
200	5	continuous	binary	0.65	0.1	0.35000000000000003	False	0.001	CB	0	0.7333333333333334
200	5	continuous	binary	0.65	0.1	0.35000000000000003	False	0.001	CB	0	0.5
200	5	continuous	binary	0.65	0.1	0.35000000000000003	False	0.001	CB	0	1.0
200	5	continuous	binary	0.65	0.1	0.35000000000000003	False	0.001	CB	0	1.0
200	5	continuous	binary	0.65	0.1	0.35000000000000003	False	0.001	CB	0	1.0
200	5	continuous	binary	0.65	0.1	0.35000000000000003	False	0.001	CB	0	1.0
200	5	continuous	binary	0.65	0.1	0.35000000000000003	False	0.001	CB	0	1.0
200	5	continuous	binary	0.65	0.1	0.35000000000000003	False	0.001	CB	0	1.0
200	5	continuous	binary	0.65	0.1	0.35000000000000003	False	0.001	CB	0	0.3333333333333333
200	5	continuous	binary	0.65	0.1	0.35000000000000003	False	0.001	CB	0	1.0
